id,stereotype,implicit
s_4277,0,0
s_4278,1,0
s_4279,0,0
s_4280,0,0
s_4281,0,0
s_4282,0,0
s_4283,0,0
s_4284,1,1
s_4285,0,0
s_4286,0,0
s_4287,0,0
s_4288,1,1
s_4289,1,1
s_4290,0,0
s_4291,0,0
s_4292,0,0
s_4293,0,0
s_4294,0,0
s_4295,0,0
s_4296,0,0
s_4297,0,0
s_4298,0,0
s_4299,0,0
s_4300,0,0
s_4301,0,0
s_4302,1,0
s_4303,0,0
s_4304,0,0
s_4305,0,0
s_4306,0,0
s_4307,0,0
s_4308,0,0
s_4309,0,0
s_4310,1,0
s_4311,1,0
s_4312,1,1
s_4313,0,0
s_4314,0,0
s_4315,0,0
s_4316,0,0
s_4317,0,0
s_4318,0,0
s_4319,0,0
s_4320,1,1
s_4321,0,0
s_4322,0,0
s_4323,0,0
s_4324,0,0
s_4325,0,0
s_4326,0,0
s_4327,1,1
s_4328,1,0
s_4329,1,1
s_4330,1,1
s_4331,0,0
s_4332,1,0
s_4333,0,0
s_4334,0,0
s_4335,0,0
s_4336,0,0
s_4337,0,0
s_4338,0,0
s_4339,1,0
s_4340,0,0
s_4341,0,0
s_4342,0,0
s_4343,0,0
s_4344,1,0
s_4345,0,0
s_4346,1,0
s_4347,1,1
s_4348,0,0
s_4349,0,0
s_4350,1,0
s_4351,0,0
s_4352,0,0
s_4353,1,0
s_4354,0,0
s_4355,0,0
s_4356,0,0
s_4357,1,1
s_4358,0,0
s_4359,0,0
s_4360,0,0
s_4361,0,0
s_4362,0,0
s_4363,0,0
s_4364,0,0
s_4365,1,0
s_4366,0,0
s_4367,0,0
s_4368,0,0
s_4369,1,0
s_4370,0,0
s_4371,1,0
s_4372,0,0
s_4373,0,0
s_4374,0,0
s_4375,0,0
s_4376,0,0
s_4377,0,0
s_4378,0,0
s_4379,0,0
s_4380,0,0
s_4381,1,0
s_4382,0,0
s_4383,0,0
s_4384,1,1
s_4385,0,0
s_4386,0,0
s_4387,0,0
s_4388,0,0
s_4389,1,0
s_4390,1,1
s_4391,0,0
s_4392,1,1
s_4393,1,0
s_4394,0,0
s_4395,1,1
s_4396,0,0
s_4397,1,0
s_4398,1,0
s_4399,0,0
s_4400,0,0
s_4401,0,0
s_4402,0,0
s_4403,1,1
s_4404,1,1
s_4405,0,0
s_4406,0,0
s_4407,0,0
s_4408,0,0
s_4409,0,0
s_4410,0,0
s_4411,1,1
s_4412,0,0
s_4413,0,0
s_4414,0,0
s_4415,0,0
s_4416,1,0
s_4417,1,0
s_4418,0,0
s_4419,0,0
s_4420,0,0
s_4421,0,0
s_4422,0,0
s_4423,0,0
s_4424,0,0
s_4425,0,0
s_4426,0,0
s_4427,1,1
s_4428,0,0
s_4429,0,0
s_4430,0,0
s_4431,1,0
s_4432,0,0
s_4433,0,0
s_4434,1,0
s_4435,0,0
s_4436,0,0
s_4437,0,0
s_4438,0,0
s_4439,0,0
s_4440,0,0
s_4441,0,0
s_4442,1,1
s_4443,0,0
s_4444,0,0
s_4445,0,0
s_4446,0,0
s_4447,0,0
s_4448,0,0
s_4449,0,0
s_4450,0,0
s_4451,0,0
s_4452,0,0
s_4453,0,0
s_4454,0,0
s_4455,1,0
s_4456,0,0
s_4457,0,0
s_4458,0,0
s_4459,1,1
s_4460,1,0
s_4461,0,0
s_4462,0,0
s_4463,1,1
s_4464,0,0
s_4465,0,0
s_4466,0,0
s_4467,0,0
s_4468,1,0
s_4469,1,1
s_4470,0,0
s_4471,0,0
s_4472,0,0
s_4473,0,0
s_4474,1,1
s_4475,1,0
s_4476,1,1
s_4477,0,0
s_4478,0,0
s_4479,0,0
s_4480,1,1
s_4481,0,0
s_4482,0,0
s_4483,0,0
s_4484,0,0
s_4485,0,0
s_4486,0,0
s_4487,0,0
s_4488,0,0
s_4489,0,0
s_4490,0,0
s_4491,0,0
s_4492,0,0
s_4493,0,0
s_4494,1,1
s_4495,0,0
s_4496,1,1
s_4497,0,0
s_4498,0,0
s_4499,0,0
s_4500,0,0
s_4501,0,0
s_4502,0,0
s_4503,1,1
s_4504,0,0
s_4505,1,1
s_4506,0,0
s_4507,1,0
s_4508,0,0
s_4509,0,0
s_4510,0,0
s_4511,0,0
s_4512,0,0
s_4513,0,0
s_4514,0,0
s_4515,0,0
s_4516,0,0
s_4517,1,0
s_4518,1,0
s_4519,1,0
s_4520,0,0
s_4521,0,0
s_4522,1,0
s_4523,0,0
s_4524,1,0
s_4525,1,1
s_4526,1,0
s_4527,0,0
s_4528,0,0
s_4529,1,0
s_4530,0,0
s_4531,0,0
s_4532,0,0
s_4533,1,1
s_4534,0,0
s_4535,0,0
s_4536,0,0
s_4537,0,0
s_4538,1,0
s_4539,0,0
s_4540,0,0
s_4541,1,1
s_4542,1,0
s_4543,0,0
s_4544,0,0
s_4545,0,0
s_4546,0,0
s_4547,1,1
s_4548,1,1
s_4549,1,0
s_4550,1,0
s_4551,0,0
s_4552,0,0
s_4553,1,1
s_4554,0,0
s_4555,0,0
s_4556,1,1
s_4557,1,1
s_4558,0,0
s_4559,0,0
s_4560,0,0
s_4561,0,0
s_4562,0,0
s_4563,0,0
s_4564,0,0
s_4565,0,0
s_4566,0,0
s_4567,0,0
s_4568,0,0
s_4569,1,1
s_4570,0,0
s_4571,0,0
s_4572,0,0
s_4573,1,0
s_4574,0,0
s_4575,0,0
s_4576,0,0
s_4577,0,0
s_4578,0,0
s_4579,0,0
s_4580,0,0
s_4581,0,0
s_4582,1,0
s_4583,0,0
s_4584,0,0
s_4585,1,0
s_4586,0,0
s_4587,0,0
s_4588,0,0
s_4589,0,0
s_4590,1,1
s_4591,1,1
s_4592,0,0
s_4593,0,0
s_4594,0,0
s_4595,0,0
s_4596,0,0
s_4597,0,0
s_4598,0,0
s_4599,0,0
s_4600,0,0
s_4601,1,0
s_4602,1,0
s_4603,0,0
s_4604,0,0
s_4605,0,0
s_4606,0,0
s_4607,0,0
s_4608,1,0
s_4609,0,0
s_4610,0,0
s_4611,0,0
s_4612,0,0
s_4613,1,0
s_4614,0,0
s_4615,0,0
s_4616,0,0
s_4617,0,0
s_4618,0,0
s_4619,0,0
s_4620,0,0
s_4621,0,0
s_4622,0,0
s_4623,0,0
s_4624,0,0
s_4625,0,0
s_4626,0,0
s_4627,0,0
s_4628,1,1
s_4629,0,0
s_4630,0,0
s_4631,0,0
s_4632,0,0
s_4633,0,0
s_4634,0,0
s_4635,1,1
s_4636,0,0
s_4637,0,0
s_4638,0,0
s_4639,0,0
s_4640,0,0
s_4641,1,1
s_4642,0,0
s_4643,1,0
s_4644,1,0
s_4645,0,0
s_4646,0,0
s_4647,0,0
s_4648,0,0
s_4649,0,0
s_4650,0,0
s_4651,0,0
s_4652,0,0
s_4653,1,1
s_4654,0,0
s_4655,1,1
s_4656,0,0
s_4657,0,0
s_4658,0,0
s_4659,0,0
s_4660,1,1
s_4661,0,0
s_4662,1,1
s_4663,0,0
s_4664,0,0
s_4665,1,1
s_4666,1,1
s_4667,1,0
s_4668,0,0
s_4669,0,0
s_4670,1,0
s_4671,0,0
s_4672,1,0
s_4673,1,0
s_4674,0,0
s_4675,1,1
s_4676,1,0
s_4677,0,0
s_4678,1,1
s_4679,0,0
s_4680,1,1
s_4681,0,0
s_4682,1,0
s_4683,0,0
s_4684,0,0
s_4685,1,0
s_4686,0,0
s_4687,0,0
s_4688,1,1
s_4689,1,0
s_4690,0,0
s_4691,0,0
s_4692,0,0
s_4693,0,0
s_4694,0,0
s_4695,0,0
s_4696,1,0
s_4697,1,0
s_4698,1,0
s_4699,0,0
s_4700,0,0
s_4701,0,0
s_4702,0,0
s_4703,0,0
s_4704,1,1
s_4705,0,0
s_4706,0,0
s_4707,0,0
s_4708,1,1
s_4709,0,0
s_4710,0,0
s_4711,0,0
s_4712,0,0
s_4713,0,0
s_4714,1,1
s_4715,0,0
s_4716,0,0
s_4717,0,0
s_4718,1,1
s_4719,0,0
s_4720,0,0
s_4721,1,1
s_4722,1,0
s_4723,1,1
s_4724,1,1
s_4725,0,0
s_4726,0,0
s_4727,1,1
s_4728,0,0
s_4729,0,0
s_4730,1,1
s_4731,0,0
s_4732,0,0
s_4733,0,0
s_4734,0,0
s_4735,0,0
s_4736,0,0
s_4737,0,0
s_4738,0,0
s_4739,1,0
s_4740,0,0
s_4741,1,0
s_4742,0,0
s_4743,0,0
s_4744,1,0
s_4745,0,0
s_4746,1,0
s_4747,0,0
s_4748,1,1
s_4749,0,0
s_4750,1,1
s_4751,0,0
s_4752,1,0
s_4753,0,0
s_4754,0,0
s_4755,1,1
s_4756,0,0
s_4757,0,0
s_4758,0,0
s_4759,0,0
s_4760,0,0
s_4761,0,0
s_4762,1,0
s_4763,0,0
s_4764,0,0
s_4765,1,0
s_4766,1,0
s_4767,0,0
s_4768,0,0
s_4769,0,0
s_4770,0,0
s_4771,0,0
s_4772,0,0
s_4773,0,0
s_4774,0,0
s_4775,1,0
s_4776,1,1
s_4777,0,0
s_4778,0,0
s_4779,0,0
s_4780,1,0
s_4781,0,0
s_4782,0,0
s_4783,1,1
s_4784,1,1
s_4785,1,0
s_4786,0,0
s_4787,0,0
s_4788,0,0
s_4789,1,1
s_4790,1,1
s_4791,0,0
s_4792,0,0
s_4793,0,0
s_4794,1,0
s_4795,1,1
s_4796,0,0
s_4797,0,0
s_4798,0,0
s_4799,1,0
s_4800,1,0
s_4801,1,0
s_4802,0,0
s_4803,0,0
s_4804,0,0
s_4805,0,0
s_4806,1,1
s_4807,1,1
s_4808,1,0
s_4809,1,0
s_4810,0,0
s_4811,1,1
s_4812,1,0
s_4813,1,0
s_4814,0,0
s_4815,0,0
s_4816,0,0
s_4817,1,0
s_4818,0,0
s_4819,0,0
s_4820,0,0
s_4821,0,0
s_4822,0,0
s_4823,0,0
s_4824,0,0
s_4825,0,0
s_4826,1,1
s_4827,0,0
s_4828,1,0
s_4829,0,0
s_4830,0,0
s_4831,1,1
s_4832,0,0
s_4833,0,0
s_4834,0,0
s_4835,1,1
s_4836,0,0
s_4837,0,0
s_4838,0,0
s_4839,0,0
s_4840,0,0
s_4841,0,0
s_4842,0,0
s_4843,0,0
s_4844,0,0
s_4845,1,0
s_4846,0,0
s_4847,0,0
s_4848,1,1
s_4849,0,0
s_4850,0,0
s_4851,1,0
s_4852,1,1
s_4853,0,0
s_4854,1,1
s_4855,0,0
s_4856,0,0
s_4857,0,0
s_4858,1,1
s_4859,0,0
s_4860,0,0
s_4861,0,0
s_4862,0,0
s_4863,0,0
s_4864,0,0
s_4865,0,0
s_4866,0,0
s_4867,0,0
s_4868,0,0
s_4869,0,0
s_4870,0,0
s_4871,1,0
s_4872,0,0
s_4873,0,0
s_4874,0,0
s_4875,0,0
s_4876,0,0
s_4877,0,0
s_4878,0,0
s_4879,0,0
s_4880,0,0
s_4881,0,0
s_4882,0,0
s_4883,0,0
s_4884,0,0
s_4885,0,0
s_4886,0,0
s_4887,0,0
s_4888,1,1
s_4889,0,0
s_4890,0,0
s_4891,1,0
s_4892,1,0
s_4893,0,0
s_4894,0,0
s_4895,1,0
s_4896,1,1
s_4897,0,0
s_4898,0,0
s_4899,0,0
s_4900,0,0
s_4901,0,0
s_4902,0,0
s_4903,0,0
s_4904,1,1
s_4905,0,0
s_4906,0,0
s_4907,0,0
s_4908,1,0
s_4909,0,0
s_4910,0,0
s_4911,0,0
s_4912,0,0
s_4913,0,0
s_4914,0,0
s_4915,0,0
s_4916,0,0
s_4917,0,0
s_4918,0,0
s_4919,0,0
s_4920,0,0
s_4921,0,0
s_4922,1,1
s_4923,0,0
s_4924,0,0
s_4925,1,0
s_4926,0,0
s_4927,0,0
s_4928,0,0
s_4929,0,0
s_4930,1,1
s_4931,0,0
s_4932,0,0
s_4933,0,0
s_4934,0,0
s_4935,0,0
s_4936,0,0
s_4937,0,0
s_4938,1,0
s_4939,0,0
s_4940,0,0
s_4941,0,0
s_4942,0,0
s_4943,0,0
s_4944,0,0
s_4945,0,0
s_4946,0,0
s_4947,0,0
s_4948,1,1
s_4949,0,0
s_4950,0,0
s_4951,0,0
s_4952,1,0
s_4953,0,0
s_4954,0,0
s_4955,1,1
s_4956,1,0
s_4957,1,0
s_4958,0,0
s_4959,0,0
s_4960,0,0
s_4961,1,0
s_4962,0,0
s_4963,0,0
s_4964,0,0
s_4965,1,1
s_4966,0,0
s_4967,0,0
s_4968,0,0
s_4969,0,0
s_4970,0,0
s_4971,0,0
s_4972,0,0
s_4973,0,0
s_4974,0,0
s_4975,0,0
s_4976,0,0
s_4977,0,0
s_4978,0,0
s_4979,0,0
s_4980,0,0
s_4981,0,0
s_4982,1,1
s_4983,0,0
s_4984,1,0
s_4985,0,0
s_4986,0,0
s_4987,1,1
s_4988,0,0
s_4989,0,0
s_4990,0,0
s_4991,0,0
s_4992,1,1
s_4993,1,1
s_4994,1,1
s_4995,0,0
s_4996,0,0
s_4997,1,0
s_4998,0,0
s_4999,0,0
s_5000,1,0
s_5001,0,0
s_5002,1,1
s_5003,0,0
s_5004,1,1
s_5005,0,0
s_5006,0,0
s_5007,0,0
s_5008,1,1
s_5009,0,0
s_5010,0,0
s_5011,0,0
s_5012,1,0
s_5013,0,0
s_5014,1,0
s_5015,0,0
s_5016,0,0
s_5017,0,0
s_5018,0,0
s_5019,1,1
s_5020,0,0
s_5021,0,0
s_5022,1,1
s_5023,0,0
s_5024,0,0
s_5025,1,1
s_5026,0,0
s_5027,0,0
s_5028,1,1
s_5029,0,0
s_5030,0,0
s_5031,0,0
s_5032,1,1
s_5033,0,0
s_5034,0,0
s_5035,1,0
s_5036,1,0
s_5037,0,0
s_5038,0,0
s_5039,0,0
s_5040,1,1
s_5041,0,0
s_5042,0,0
s_5043,1,1
s_5044,1,0
s_5045,0,0
s_5046,1,0
s_5047,0,0
s_5048,1,1
s_5049,0,0
s_5050,0,0
s_5051,1,0
s_5052,0,0
s_5053,0,0
s_5054,0,0
s_5055,0,0
s_5056,0,0
s_5057,0,0
s_5058,0,0
s_5059,0,0
s_5060,0,0
s_5061,0,0
s_5062,1,0
s_5063,0,0
s_5064,0,0
s_5065,0,0
s_5066,1,1
s_5067,0,0
s_5068,0,0
s_5069,0,0
s_5070,0,0
s_5071,0,0
s_5072,1,1
s_5073,1,1
s_5074,0,0
s_5075,0,0
s_5076,1,0
s_5077,0,0
s_5078,0,0
s_5079,0,0
s_5080,0,0
s_5081,0,0
s_5082,0,0
s_5083,1,1
s_5084,1,0
s_5085,0,0
s_5086,0,0
s_5087,1,0
s_5088,1,1
s_5089,0,0
s_5090,1,1
s_5091,1,1
s_5092,0,0
s_5093,0,0
s_5094,0,0
s_5095,0,0
s_5096,0,0
s_5097,1,1
s_5098,0,0
s_5099,0,0
s_5100,0,0
s_5101,0,0
s_5102,1,1
s_5103,0,0
s_5104,0,0
s_5105,1,0
s_5106,0,0
s_5107,0,0
s_5108,0,0
s_5109,0,0
s_5110,0,0
s_5111,0,0
s_5112,0,0
s_5113,1,0
s_5114,0,0
s_5115,0,0
s_5116,0,0
s_5117,0,0
s_5118,0,0
s_5119,0,0
s_5120,1,0
s_5121,0,0
s_5122,0,0
s_5123,0,0
s_5124,1,0
s_5125,0,0
s_5126,0,0
s_5127,0,0
s_5128,1,1
s_5129,0,0
s_5130,1,0
s_5131,0,0
s_5132,0,0
s_5133,0,0
s_5134,0,0
s_5135,0,0
s_5136,0,0
s_5137,1,1
s_5138,0,0
s_5139,0,0
s_5140,0,0
s_5141,0,0
s_5142,0,0
s_5143,0,0
s_5144,0,0
s_5145,1,1
s_5146,1,1
s_5147,0,0
s_5148,0,0
s_5149,0,0
s_5150,0,0
s_5151,0,0
s_5152,0,0
s_5153,0,0
s_5154,0,0
s_5155,0,0
s_5156,0,0
s_5157,0,0
s_5158,0,0
s_5159,0,0
s_5160,0,0
s_5161,1,1
s_5162,0,0
s_5163,0,0
s_5164,0,0
s_5165,0,0
s_5166,0,0
s_5167,0,0
s_5168,1,1
s_5169,1,1
s_5170,0,0
s_5171,0,0
s_5172,0,0
s_5173,0,0
s_5174,1,0
s_5175,0,0
s_5176,0,0
s_5177,0,0
s_5178,0,0
s_5179,0,0
s_5180,0,0
s_5181,0,0
s_5182,1,1
s_5183,1,0
s_5184,0,0
s_5185,0,0
s_5186,0,0
s_5187,0,0
s_5188,0,0
s_5189,0,0
s_5190,0,0
s_5191,0,0
s_5192,0,0
s_5193,0,0
s_5194,1,0
s_5195,1,1
s_5196,0,0
s_5197,1,0
s_5198,0,0
s_5199,1,1
s_5200,1,1
s_5201,0,0
s_5202,0,0
s_5203,0,0
s_5204,0,0
s_5205,0,0
s_5206,0,0
s_5207,0,0
s_5208,1,1
s_5209,1,0
s_5210,0,0
s_5211,0,0
s_5212,0,0
s_5213,0,0
s_5214,1,0
s_5215,0,0
s_5216,0,0
s_5217,0,0
s_5218,0,0
s_5219,0,0
s_5220,1,1
s_5221,0,0
s_5222,0,0
s_5223,0,0
s_5224,1,0
s_5225,1,1
s_5226,0,0
s_5227,0,0
s_5228,0,0
s_5229,0,0
s_5230,1,1
s_5231,0,0
s_5232,0,0
s_5233,0,0
s_5234,0,0
s_5235,0,0
s_5236,1,1
s_5237,0,0
s_5238,0,0
s_5239,0,0
s_5240,0,0
s_5241,0,0
s_5242,0,0
s_5243,0,0
s_5244,0,0
s_5245,0,0
s_5246,0,0
s_5247,0,0
s_5248,1,0
s_5249,0,0
s_5250,0,0
s_5251,0,0
s_5252,0,0
s_5253,0,0
s_5254,0,0
s_5255,0,0
s_5256,0,0
s_5257,0,0
s_5258,1,0
s_5259,0,0
s_5260,0,0
s_5261,0,0
s_5262,0,0
s_5263,0,0
s_5264,0,0
s_5265,0,0
s_5266,1,1
s_5267,1,0
s_5268,0,0
s_5269,0,0
s_5270,0,0
s_5271,0,0
s_5272,0,0
s_5273,1,0
s_5274,0,0
s_5275,1,1
s_5276,0,0
s_5277,0,0
s_5278,0,0
s_5279,1,1
s_5280,0,0
s_5281,1,1
s_5282,0,0
s_5283,0,0
s_5284,1,1
s_5285,0,0
s_5286,0,0
s_5287,0,0
s_5288,1,0
s_5289,1,1
s_5290,0,0
s_5291,0,0
s_5292,1,1
s_5293,0,0
s_5294,0,0
s_5295,1,0
s_5296,0,0
s_5297,0,0
s_5298,0,0
s_5299,1,1
s_5300,1,1
s_5301,1,1
s_5302,0,0
s_5303,1,1
s_5304,1,1
s_5305,0,0
s_5306,1,0
s_5307,0,0
s_5308,0,0
s_5309,0,0
s_5310,0,0
s_5311,0,0
s_5312,0,0
s_5313,0,0
s_5314,0,0
s_5315,0,0
s_5316,0,0
s_5317,0,0
s_5318,1,0
s_5319,0,0
s_5320,0,0
s_5321,1,1
s_5322,0,0
s_5323,0,0
s_5324,0,0
s_5325,1,1
s_5326,0,0
s_5327,1,1
s_5328,0,0
s_5329,1,1
s_5330,1,1
s_5331,1,1
s_5332,0,0
s_5333,1,1
s_5334,0,0
s_5335,0,0
s_5336,0,0
s_5337,1,1
s_5338,1,1
s_5339,1,1
s_5340,0,0
s_5341,0,0
s_5342,1,1
s_5343,0,0
s_5344,0,0
s_5345,0,0
s_5346,0,0
s_5347,0,0
s_5348,0,0
d_2548_01,0,0
d_2549_01,0,0
d_2549_02,1,0
d_2550_01,0,0
d_2551_01,0,0
d_2552_01,0,0
d_2552_02,0,0
d_2553_01,1,0
d_2553_02,1,0
d_2554_01,0,0
d_2554_02,0,0
d_2555_01,1,1
d_2555_02,1,0
d_2555_03,0,0
d_2556_01,0,0
d_2556_02,0,0
d_2557_01,1,0
d_2557_02,0,0
d_2558_01,1,1
d_2558_02,0,0
d_2558_03,0,0
d_2559_01,0,0
d_2559_02,0,0
d_2559_03,0,0
d_2560_01,0,0
d_2560_02,0,0
d_2561_01,1,0
d_2562_01,0,0
d_2563_01,0,0
d_2564_01,1,1
d_2564_02,1,0
d_2564_03,1,0
d_2565_01,1,1
d_2565_02,0,0
d_2565_03,0,0
d_2566_01,1,0
d_2566_02,0,0
d_2566_03,0,0
d_2566_04,1,0
d_2566_05,0,0
d_2566_06,0,0
d_2566_07,0,0
d_2567_01,0,0
d_2568_01,0,0
d_2568_02,0,0
d_2569_01,1,1
d_2569_02,0,0
d_2569_03,0,0
d_2570_01,1,1
d_2570_02,1,0
d_2571_01,1,1
d_2571_02,1,0
d_2571_03,0,0
d_2572_01,0,0
d_2573_01,0,0
d_2573_02,0,0
d_2573_03,0,0
d_2574_01,0,0
d_2575_01,0,0
d_2575_02,0,0
d_2575_03,0,0
d_2576_01,0,0
d_2576_02,0,0
d_2577_01,0,0
d_2577_02,1,0
d_2577_03,0,0
d_2578_01,0,0
d_2579_01,0,0
d_2580_01,1,1
d_2580_02,0,0
d_2581_01,0,0
d_2582_01,0,0
d_2582_02,0,0
d_2582_03,1,1
d_2583_01,1,1
d_2583_02,0,0
d_2583_03,1,1
d_2584_01,1,1
d_2585_01,0,0
d_2586_01,1,1
d_2586_02,0,0
d_2587_01,0,0
d_2587_02,0,0
d_2588_01,1,0
d_2588_02,0,0
d_2589_01,1,1
d_2590_01,1,0
d_2591_01,0,0
d_2592_01,1,0
d_2592_02,0,0
d_2592_03,0,0
d_2593_01,1,0
d_2593_02,0,0
d_2593_03,1,0
d_2594_01,1,1
d_2594_02,0,0
d_2595_01,0,0
d_2596_01,0,0
d_2596_02,0,0
d_2596_03,1,1
d_2596_04,0,0
d_2596_05,0,0
d_2596_06,0,0
d_2596_07,0,0
d_2597_01,1,1
d_2597_02,0,0
d_2597_03,1,0
d_2598_01,0,0
d_2599_01,1,0
d_2600_01,0,0
d_2601_01,0,0
d_2601_02,1,0
d_2601_03,0,0
d_2602_01,1,0
d_2602_02,0,0
d_2602_03,0,0
d_2602_04,0,0
d_2602_05,0,0
d_2603_01,0,0
d_2604_01,0,0
d_2604_02,0,0
d_2604_03,0,0
d_2604_04,0,0
d_2605_01,1,1
d_2606_01,1,1
d_2607_01,1,1
d_2607_02,1,0
d_2608_01,0,0
d_2608_02,1,1
d_2608_03,0,0
d_2608_04,0,0
d_2609_01,0,0
d_2610_01,0,0
d_2610_02,1,1
d_2610_03,0,0
d_2610_04,0,0
d_2610_05,0,0
d_2611_01,1,1
d_2611_02,0,0
d_2611_03,0,0
d_2612_01,0,0
d_2612_02,1,1
d_2613_01,0,0
d_2614_01,0,0
d_2615_01,0,0
d_2616_01,0,0
d_2617_01,0,0
d_2617_02,0,0
d_2618_01,1,0
d_2619_01,0,0
d_2620_01,0,0
d_2621_01,1,0
d_2622_01,0,0
d_2623_01,0,0
d_2623_02,0,0
d_2623_03,0,0
d_2624_01,1,0
d_2625_01,0,0
d_2626_01,1,1
d_2626_02,0,0
d_2627_01,0,0
d_2627_02,0,0
d_2628_01,0,0
d_2629_01,0,0
d_2630_01,1,0
d_2631_01,0,0
d_2631_02,1,0
d_2632_01,0,0
d_2632_02,1,0
d_2633_01,1,0
d_2634_01,1,1
d_2635_01,1,1
d_2636_01,1,0
d_2636_02,0,0
d_2636_03,0,0
d_2636_04,0,0
d_2636_05,1,0
d_2637_01,0,0
d_2637_02,1,1
d_2637_03,0,0
d_2638_01,0,0
d_2638_02,0,0
d_2639_01,0,0
d_2640_01,0,0
d_2641_01,0,0
d_2642_01,0,0
d_2642_02,0,0
d_2642_03,0,0
d_2642_04,0,0
d_2642_05,1,0
d_2643_01,0,0
d_2643_02,0,0
d_2644_01,0,0
d_2645_01,0,0
d_2645_02,0,0
d_2645_03,0,0
d_2645_04,0,0
d_2645_05,0,0
d_2646_01,0,0
d_2647_01,1,0
d_2648_01,1,0
d_2648_02,0,0
d_2649_01,0,0
d_2649_02,0,0
d_2650_01,0,0
d_2651_01,1,0
d_2651_02,0,0
d_2652_01,0,0
d_2653_01,0,0
d_2654_01,0,0
d_2654_02,0,0
d_2655_01,0,0
d_2655_02,0,0
d_2656_01,0,0
d_2657_01,0,0
d_2657_02,0,0
d_2657_03,0,0
d_2657_04,0,0
d_2657_05,0,0
d_2658_01,0,0
d_2659_01,0,0
d_2660_01,0,0
d_2660_02,1,1
d_2661_01,0,0
d_2662_01,0,0
d_2662_02,0,0
d_2663_01,0,0
d_2664_01,0,0
d_2665_01,0,0
d_2665_02,1,1
d_2665_03,0,0
d_2666_01,0,0
d_2667_01,0,0
d_2668_01,1,0
d_2669_01,0,0
d_2669_02,1,0
d_2670_01,0,0
d_2671_01,1,1
d_2672_01,0,0
d_2673_01,1,1
d_2673_02,0,0
d_2673_03,1,1
d_2673_04,0,0
d_2674_01,0,0
d_2675_01,0,0
d_2675_02,0,0
d_2676_01,0,0
d_2676_02,0,0
d_2677_01,0,0
d_2678_01,0,0
d_2678_02,1,1
d_2678_03,0,0
d_2678_04,1,0
d_2678_05,0,0
d_2679_01,0,0
d_2679_02,1,0
d_2679_03,0,0
d_2679_04,0,0
d_2679_05,0,0
d_2680_01,0,0
d_2681_01,0,0
d_2682_01,1,1
d_2683_01,1,0
d_2683_02,0,0
d_2684_01,0,0
d_2685_01,0,0
d_2685_02,0,0
d_2686_01,0,0
d_2686_02,0,0
d_2686_03,0,0
d_2686_04,1,1
d_2686_05,0,0
d_2687_01,1,1
d_2687_02,0,0
d_2687_03,0,0
d_2688_01,0,0
d_2688_02,1,1
d_2689_01,0,0
d_2690_01,1,0
d_2691_01,0,0
d_2692_01,0,0
d_2692_02,0,0
d_2692_03,0,0
d_2693_01,1,1
d_2693_02,1,0
d_2693_03,0,0
d_2694_01,0,0
d_2694_02,0,0
d_2694_03,1,1
d_2694_04,0,0
d_2694_05,0,0
d_2694_06,0,0
d_2695_01,0,0
d_2696_01,0,0
d_2696_02,0,0
d_2697_01,1,1
d_2698_01,0,0
d_2698_02,0,0
d_2699_01,1,0
d_2700_01,0,0
d_2700_02,1,1
d_2700_03,0,0
d_2700_04,0,0
d_2700_05,1,1
d_2700_06,0,0
d_2700_07,0,0
d_2701_01,0,0
d_2701_02,0,0
d_2701_03,0,0
d_2702_01,0,0
d_2702_02,1,0
d_2703_01,0,0
d_2704_01,0,0
d_2705_01,0,0
d_2705_02,1,0
d_2705_03,0,0
d_2706_01,1,0
d_2706_02,0,0
d_2706_03,0,0
d_2707_01,0,0
d_2708_01,0,0
d_2708_02,0,0
d_2708_03,0,0
d_2708_04,1,0
d_2709_01,0,0
d_2709_02,0,0
d_2710_01,0,0
d_2711_01,0,0
d_2711_02,0,0
d_2712_01,0,0
d_2712_02,0,0
d_2712_03,0,0
d_2712_04,0,0
d_2713_01,0,0
d_2713_02,1,0
d_2714_01,1,1
d_2714_02,0,0
d_2715_01,1,0
d_2715_02,0,0
d_2715_03,0,0
d_2715_04,0,0
d_2715_05,0,0
d_2715_06,0,0
d_2715_07,1,0
d_2716_01,0,0
d_2716_02,0,0
d_2716_03,0,0
d_2717_01,1,1
d_2718_01,0,0
d_2719_01,0,0
d_2720_01,0,0
d_2720_02,0,0
d_2721_01,1,0
d_2722_01,1,1
d_2722_02,0,0
d_2723_01,1,0
d_2724_01,0,0
d_2724_02,1,0
d_2724_03,0,0
d_2724_04,0,0
d_2725_01,0,0
d_2725_02,0,0
d_2725_03,0,0
d_2725_04,0,0
d_2726_01,0,0
d_2727_01,0,0
d_2727_02,0,0
d_2727_03,0,0
d_2727_04,1,1
d_2728_01,0,0
d_2728_02,0,0
d_2728_03,0,0
d_2728_04,1,1
d_2728_05,0,0
d_2729_01,0,0
d_2729_02,1,1
d_2729_03,1,1
d_2729_04,0,0
d_2729_05,0,0
d_2729_06,0,0
d_2729_07,1,1
d_2729_08,0,0
d_2729_09,0,0
d_2729_10,1,0
d_2729_11,0,0
d_2730_01,0,0
d_2731_01,0,0
d_2731_02,0,0
d_2732_01,0,0
d_2733_01,0,0
d_2734_01,0,0
d_2734_02,0,0
d_2734_03,1,0
d_2734_04,0,0
d_2734_05,1,1
d_2735_01,0,0
d_2735_02,1,1
d_2735_03,1,1
d_2735_04,0,0
d_2735_05,1,0
d_2735_06,1,0
d_2735_07,0,0
d_2735_08,0,0
d_2735_09,0,0
d_2736_01,1,1
d_2736_02,1,0
d_2736_03,1,1
d_2736_04,0,0
d_2736_05,1,1
d_2736_06,0,0
d_2737_01,0,0
d_2738_01,0,0
d_2738_02,0,0
d_2739_01,0,0
d_2740_01,0,0
d_2740_02,0,0
d_2740_03,0,0
d_2740_04,0,0
d_2740_05,0,0
d_2740_06,0,0
d_2740_07,0,0
d_2740_08,0,0
d_2740_09,0,0
d_2740_10,0,0
d_2740_11,0,0
d_2740_12,0,0
d_2740_13,0,0
d_2741_01,1,0
d_2741_02,0,0
d_2741_03,0,0
d_2741_04,0,0
d_2741_05,0,0
d_2742_01,0,0
d_2742_02,0,0
d_2742_03,0,0
d_2743_01,0,0
d_2743_02,0,0
d_2743_03,1,1
d_2743_04,1,1
d_2743_05,0,0
d_2744_01,1,0
d_2745_01,0,0
d_2746_01,0,0
d_2747_01,0,0
d_2747_02,0,0
d_2747_03,1,1
d_2747_04,0,0
d_2747_05,1,1
d_2747_06,0,0
d_2748_01,1,1
d_2748_02,0,0
d_2748_03,0,0
d_2748_04,0,0
d_2749_01,0,0
d_2750_01,0,0
d_2750_02,0,0
d_2750_03,1,0
d_2750_04,0,0
d_2750_05,0,0
d_2750_06,0,0
d_2750_07,0,0
d_2750_08,0,0
d_2750_09,0,0
d_2750_10,0,0
d_2751_01,0,0
d_2751_02,0,0
d_2751_03,0,0
d_2752_01,0,0
d_2752_02,0,0
d_2753_01,0,0
d_2753_02,0,0
d_2753_03,0,0
d_2754_01,1,1
d_2754_02,0,0
d_2754_03,1,0
d_2754_04,0,0
d_2754_05,0,0
d_2755_01,0,0
d_2755_02,1,0
d_2756_01,0,0
d_2757_01,1,1
d_2757_02,1,0
d_2758_01,0,0
d_2758_02,0,0
d_2758_03,0,0
d_2759_01,0,0
d_2760_01,1,0
d_2760_02,1,1
d_2760_03,0,0
d_2761_01,0,0
d_2762_01,1,1
d_2762_02,0,0
d_2763_01,1,1
d_2764_01,0,0
d_2765_01,0,0
d_2766_01,0,0
d_2767_01,0,0
d_2767_02,0,0
d_2768_01,0,0
d_2769_01,0,0
d_2770_01,0,0
d_2771_01,1,1
d_2771_02,0,0
d_2772_02,0,0
d_2772_03,0,0
d_2772_04,0,0
d_2773_01,0,0
d_2774_01,0,0
d_2775_01,0,0
d_2775_02,0,0
d_2775_03,0,0
d_2776_01,0,0
d_2777_01,1,0
d_2778_01,0,0
d_2779_01,0,0
d_2779_02,0,0
d_2780_01,0,0
d_2781_01,0,0
d_2781_02,0,0
d_2781_03,1,0
d_2781_04,0,0
d_2781_05,0,0
d_2782_01,0,0
d_2782_02,0,0
d_2783_01,0,0
d_2784_01,0,0
d_2785_01,0,0
d_2786_01,1,0
d_2787_01,0,0
d_2787_02,0,0
d_2787_03,0,0
d_2788_01,0,0
d_2789_01,0,0
d_2789_02,0,0
d_2790_01,0,0
d_2790_02,1,1
d_2790_03,0,0
d_2791_01,0,0
d_2791_02,1,1
d_2792_01,0,0
d_2793_01,0,0
d_2793_02,0,0
d_2793_03,0,0
d_2793_04,0,0
d_2794_01,1,1
d_2794_02,0,0
d_2795_01,0,0
d_2796_01,0,0
d_2796_02,0,0
d_2796_03,0,0
d_2796_04,0,0
d_2796_05,1,1
d_2796_06,0,0
d_2797_01,0,0
d_2797_02,0,0
d_2797_03,0,0
d_2798_01,0,0
d_2799_01,0,0
d_2800_01,1,0
d_2800_02,0,0
d_2800_03,0,0
d_2800_04,1,1
d_2800_05,1,0
d_2801_01,0,0
d_2801_02,0,0
d_2801_03,0,0
d_2801_04,1,1
d_2802_01,1,0
d_2803_01,0,0
d_2804_01,1,1
d_2804_02,0,0
d_2805_01,0,0
d_2806_01,0,0
d_2806_02,1,0
d_2807_01,0,0
d_2808_01,1,0
d_2809_01,1,0
d_2809_02,0,0
d_2809_03,0,0
d_2809_04,0,0
d_2809_05,0,0
d_2809_06,0,0
d_2809_07,0,0
d_2809_08,1,1
d_2809_09,0,0
d_2809_10,0,0
d_2809_11,0,0
d_2809_12,0,0
d_2809_13,0,0
d_2809_14,0,0
d_2809_15,1,1
d_2809_16,0,0
d_2809_17,1,0
d_2809_18,1,0
d_2809_19,0,0
d_2810_01,1,1
d_2810_02,0,0
d_2810_03,1,0
d_2810_04,0,0
d_2810_05,1,1
d_2810_06,1,1
d_2810_07,1,0
d_2810_08,1,0
d_2811_01,0,0
d_2812_01,0,0
d_2813_01,0,0
d_2814_01,0,0
d_2814_02,0,0
d_2815_01,0,0
d_2815_02,1,1
d_2816_01,0,0
d_2817_01,1,0
d_2817_02,0,0
d_2818_01,1,0
d_2819_01,1,1
d_2819_02,0,0
d_2819_03,0,0
d_2819_04,1,1
d_2820_01,0,0
d_2820_02,0,0
d_2820_03,0,0
d_2820_04,0,0
d_2820_05,0,0
d_2820_06,0,0
d_2820_07,0,0
d_2820_08,0,0
d_2821_01,1,1
d_2821_02,0,0
d_2822_01,1,1
d_2823_01,0,0
d_2823_02,0,0
d_2823_03,0,0
d_2823_04,0,0
d_2823_05,0,0
d_2823_06,0,0
d_2823_07,0,0
d_2823_08,0,0
d_2823_09,0,0
d_2823_10,0,0
d_2824_01,0,0
d_2824_02,1,0
d_2824_03,0,0
d_2824_04,0,0
d_2825_01,1,0
d_2825_02,0,0
d_2825_03,0,0
d_2826_01,1,1
d_2827_01,0,0
d_2827_02,0,0
d_2828_01,0,0
d_2829_01,0,0
d_2830_01,0,0
d_2830_02,0,0
d_2830_03,0,0
d_2831_01,0,0
d_2832_01,1,1
d_2832_02,1,0
d_2833_01,0,0
d_2833_02,0,0
d_2833_03,0,0
d_2834_01,0,0
d_2835_01,0,0
d_2835_02,0,0
d_2836_01,1,1
d_2836_02,0,0
d_2837_01,0,0
d_2837_02,0,0
d_2837_03,0,0
d_2838_01,1,0
d_2838_02,0,0
d_2839_01,1,1
d_2839_02,0,0
d_2840_01,0,0
d_2840_02,0,0
d_2840_03,0,0
d_2840_04,0,0
d_2840_05,1,0
d_2841_01,0,0
d_2842_01,0,0
d_2842_02,0,0
d_2842_03,0,0
d_2842_04,0,0
d_2842_05,1,0
d_2842_06,1,0
d_2842_07,1,0
d_2843_01,0,0
d_2843_02,0,0
d_2844_01,0,0
d_2844_02,0,0
d_2845_01,1,0
d_2845_02,0,0
d_2845_03,0,0
d_2845_04,0,0
d_2845_05,0,0
d_2845_06,1,1
d_2845_07,0,0
d_2845_08,0,0
d_2845_09,0,0
d_2846_01,0,0
d_2847_01,1,1
d_2848_01,1,1
d_2848_02,1,1
d_2849_01,1,0
d_2849_02,0,0
d_2849_03,0,0
d_2850_01,0,0
d_2851_01,0,0
d_2852_01,1,0
d_2853_01,0,0
d_2853_02,1,1
d_2853_03,0,0
d_2854_01,0,0
d_2855_01,0,0
d_2856_01,1,0
d_2856_02,0,0
d_2857_01,0,0
d_2857_02,0,0
d_2857_03,0,0
d_2858_01,0,0
d_2858_02,1,1
d_2859_01,0,0
d_2859_02,0,0
d_2860_01,0,0
d_2860_02,0,0
d_2861_01,0,0
d_2861_02,0,0
d_2862_01,0,0
d_2863_01,0,0
d_2864_01,1,0
d_2865_01,1,1
d_2865_02,0,0
d_2865_03,0,0
d_2865_04,0,0
d_2866_01,1,0
d_2866_02,0,0
d_2866_03,0,0
d_2866_04,0,0
d_2866_05,0,0
d_2867_01,0,0
d_2868_01,1,1
d_2868_02,0,0
d_2869_01,0,0
d_2870_01,0,0
d_2870_02,1,1
d_2870_03,0,0
d_2871_01,1,1
d_2871_02,0,0
d_2871_03,0,0
d_2871_04,0,0
d_2872_01,0,0
d_2872_02,0,0
d_2872_03,1,0
d_2872_04,0,0
d_2873_01,0,0
d_2873_02,0,0
d_2873_03,1,1
d_2874_01,1,1
d_2874_02,0,0
d_2874_03,1,1
d_2875_01,0,0
d_2876_01,0,0
d_2876_02,1,1
d_2876_03,1,1
d_2877_01,0,0
d_2878_01,0,0
d_2879_01,0,0
d_2879_02,1,0
d_2879_03,0,0
d_2880_01,0,0
d_2881_01,0,0
d_2882_01,0,0
d_2882_02,0,0
d_2882_03,1,1
d_2882_04,0,0
d_2882_05,0,0
d_2883_01,0,0
d_2883_02,1,1
d_2883_03,0,0
d_2884_01,0,0
d_2884_02,1,1
d_2884_03,1,0
d_2885_01,1,0
d_2886_01,1,1
d_2886_02,0,0
d_2886_03,1,1
d_2886_04,0,0
d_2886_05,1,0
d_2886_06,0,0
d_2886_07,1,1
d_2887_01,0,0
d_2888_01,0,0
d_2889_01,0,0
d_2889_02,1,0
d_2890_01,1,0
d_2891_01,0,0
d_2891_02,0,0
d_2891_03,0,0
d_2891_04,0,0
d_2891_05,1,0
d_2891_06,0,0
d_2892_01,0,0
d_2893_01,1,0
d_2894_01,0,0
d_2894_02,0,0
d_2894_03,0,0
d_2894_04,0,0
d_2895_01,0,0
d_2896_01,0,0
d_2896_02,0,0
d_2897_01,1,1
d_2897_02,0,0
d_2898_01,1,0
d_2898_02,0,0
d_2899_01,0,0
d_2900_01,0,0
d_2901_01,0,0
d_2902_01,0,0
d_2902_02,1,1
d_2903_01,0,0
d_2903_02,0,0
d_2903_03,1,1
d_2903_04,0,0
d_2903_05,0,0
d_2903_06,0,0
d_2903_07,0,0
d_2904_01,0,0
d_2904_02,0,0
d_2905_01,1,1
d_2905_02,0,0
d_2905_03,0,0
d_2906_01,1,1
d_2907_01,0,0
d_2908_01,1,0
d_2908_02,0,0
d_2908_03,1,1
d_2908_04,0,0
d_2909_01,0,0
d_2909_02,0,0
d_2910_01,0,0
d_2911_01,1,1
d_2912_01,1,0
d_2912_02,0,0
d_2912_03,0,0
d_2912_04,0,0
d_2913_01,1,1
d_2914_01,0,0
d_2914_02,0,0
d_2914_03,0,0
d_2915_01,0,0
d_2916_01,0,0
d_2916_02,0,0
d_2917_01,0,0
d_2917_02,1,1
d_2918_01,0,0
d_2919_01,0,0
d_2920_01,0,0
d_2921_01,0,0
d_2922_01,0,0
d_2923_01,0,0
d_2923_02,0,0
d_2923_03,0,0
d_2923_04,0,0
d_2924_01,0,0
d_2924_02,1,1
d_2925_01,0,0
d_2926_01,1,1
d_2927_01,0,0
d_2928_01,0,0
d_2928_02,0,0
d_2929_01,0,0
d_2930_01,1,1
d_2931_01,0,0
d_2932_01,1,0
d_2932_02,0,0
d_2933_01,0,0
d_2933_02,0,0
d_2933_03,0,0
d_2934_01,0,0
d_2934_02,0,0
d_2934_03,0,0
d_2935_01,0,0
d_2936_01,0,0
d_2936_02,1,1
d_2937_01,1,1
d_2937_02,0,0
d_2938_01,0,0
d_2938_02,0,0
d_2939_01,1,0
d_2940_01,0,0
d_2941_01,0,0
d_2942_01,1,0
d_2943_01,0,0
d_2944_01,0,0
d_2945_01,0,0
d_2946_01,0,0
d_2947_01,0,0
d_2948_01,0,0
d_2948_02,0,0
d_2949_01,0,0
d_2950_01,1,0
d_2951_01,0,0
d_2952_01,0,0
d_2952_02,0,0
d_2952_03,1,1
d_2953_01,0,0
d_2954_01,0,0
d_2954_02,1,1
d_2955_01,1,0
d_2955_02,0,0
d_2956_01,1,1
d_2956_02,0,0
d_2956_03,0,0
d_2956_04,0,0
d_2956_05,0,0
d_2956_06,0,0
d_2956_07,0,0
d_2956_08,0,0
d_2956_09,0,0
d_2957_01,1,0
d_2958_01,0,0
d_2959_01,0,0
d_2960_01,0,0
d_2961_01,1,1
d_2962_01,0,0
d_2962_02,1,1
d_2962_03,0,0
d_2962_04,0,0
d_2962_05,0,0
d_2962_06,0,0
d_2963_01,0,0
d_2964_01,1,1
d_2964_02,0,0
d_2964_03,0,0
d_2964_04,1,0
d_2964_05,0,0
d_2964_06,1,0
d_2964_07,0,0
d_2964_08,0,0
d_2965_01,0,0
d_2965_02,0,0
d_2965_03,1,0
d_2966_01,0,0
d_2966_02,0,0
d_2966_03,0,0
d_2966_04,0,0
d_2967_01,1,0
d_2967_02,0,0
d_2967_03,0,0
d_2967_04,1,1
d_2967_05,0,0
d_2968_01,1,1
d_2968_02,0,0
d_2968_03,0,0
d_2969_01,0,0
d_2969_02,0,0
d_2969_03,1,1
d_2969_04,0,0
d_2969_05,0,0
d_2969_06,0,0
d_2969_07,0,0
d_2969_08,0,0
d_2970_01,1,1
d_2970_02,0,0
d_2970_03,0,0
d_2971_01,0,0
d_2971_02,0,0
d_2971_03,0,0
d_2971_04,0,0
d_2971_05,1,1
d_2971_06,0,0
d_2971_07,0,0
d_2971_08,0,0
d_2971_09,1,1
d_2972_01,0,0
d_2972_02,0,0
d_2972_03,0,0
d_2972_04,0,0
d_2972_05,0,0
d_2972_06,0,0
d_2972_07,0,0
d_2972_08,0,0
d_2972_09,1,1
d_2973_01,1,1
d_2973_02,0,0
d_2973_03,0,0
d_2974_01,0,0
d_2975_01,0,0
d_2975_02,0,0
d_2976_01,0,0
d_2976_02,0,0
d_2976_03,1,0
d_2976_04,0,0
d_2977_01,0,0
d_2978_01,1,0
d_2979_01,0,0
d_2979_02,0,0
d_2979_03,0,0
d_2980_01,0,0
d_2980_02,1,0
d_2980_03,0,0
d_2981_01,0,0
d_2981_02,1,1
d_2982_01,1,1
d_2982_02,1,0
d_2982_03,0,0
d_2983_01,0,0
d_2984_01,1,1
d_2985_01,1,1
d_2985_02,0,0
d_2986_01,0,0
d_2986_02,0,0
d_2987_01,1,0
d_2987_02,0,0
d_2987_03,0,0
d_2988_01,0,0
d_2989_01,0,0
d_2989_02,1,0
d_2990_01,0,0
d_2990_02,1,1
d_2990_03,1,1
d_2991_01,0,0
d_2992_01,0,0
d_2992_02,0,0
d_2992_03,1,1
d_2992_04,0,0
d_2992_05,0,0
d_2993_01,1,1
d_2994_01,0,0
d_2995_01,1,1
d_2995_02,0,0
d_2995_03,0,0
d_2996_01,0,0
d_2997_01,1,1
d_2997_02,0,0
d_2997_03,1,1
d_2997_04,1,1
d_2998_01,0,0
d_2998_02,1,0
d_2999_01,0,0
d_3000_01,0,0
d_3001_01,0,0
d_3002_01,1,0
d_3003_01,0,0
d_3004_01,0,0
d_3005_01,0,0
d_3006_01,0,0
d_3007_01,0,0
d_3008_01,1,0
d_3009_01,1,1
d_3010_01,0,0
d_3011_01,1,1
d_3012_01,0,0
d_3012_02,1,1
d_3012_03,0,0
d_3013_01,0,0
d_3013_02,0,0
d_3014_01,1,0
d_3014_02,0,0
d_3014_03,0,0
d_3014_04,0,0
d_3014_05,0,0
d_3015_01,0,0
d_3015_02,0,0
d_3016_01,1,0
d_3017_01,0,0
d_3017_02,0,0
d_3017_03,0,0
d_3017_04,1,0
d_3018_01,1,0
d_3019_01,0,0
d_3019_02,0,0
d_3020_01,0,0
d_3021_01,0,0
d_3021_02,1,1
d_3021_03,0,0
d_3022_01,0,0
d_3022_02,0,0
d_3022_03,1,0
d_3023_01,0,0
d_3023_02,0,0
d_3024_01,0,0
d_3024_02,1,0
d_3025_01,0,0
d_3025_02,0,0
d_3026_01,0,0
d_3027_01,0,0
d_3028_01,0,0
d_3028_02,1,1
d_3029_01,0,0
d_3030_01,0,0
d_3031_01,0,0
d_3032_01,1,0
d_3033_01,0,0
d_3034_01,1,1
d_3034_02,0,0
d_3035_01,0,0
d_3035_02,0,0
d_3036_01,0,0
d_3037_01,0,0
d_3038_01,0,0
d_3038_02,0,0
d_3038_03,1,1
d_3038_04,0,0
d_3038_05,1,0
d_3038_06,0,0
d_3038_07,0,0
d_3039_01,0,0
d_3039_02,0,0
d_3039_03,0,0
d_3039_04,0,0
d_3040_01,0,0
d_3040_02,0,0
d_3040_03,0,0
d_3040_04,1,1
d_3040_05,1,1
d_3041_01,1,1
d_3042_01,1,0
d_3043_01,0,0
d_3044_01,0,0
d_3044_02,1,1
d_3044_03,0,0
d_3044_04,0,0
d_3045_01,0,0
d_3046_01,0,0
d_3047_01,0,0
d_3048_01,1,1
d_3049_01,0,0
d_3050_01,0,0
d_3050_02,1,0
d_3051_01,0,0
d_3052_01,0,0
d_3053_01,0,0
d_3053_02,1,0
